{
  "project_info": {
    "project_number": "863668730181",
    "firebase_url": "https://loginsignup-03058745077.firebaseio.com",
    "project_id": "loginsignup-03058745077",
    "storage_bucket": "loginsignup-03058745077.appspot.com"
  },
  "client": [
    {
      "client_info": {
        "mobilesdk_app_id": "1:863668730181:android:6835065fc28c442c93a62c",
        "android_client_info": {
          "package_name": "com.example.loginsignup"
        }
      },
      "oauth_client": [
        {
          "client_id": "863668730181-aapjc1mhhsuos2hg41uu46dedhbqfjm0.apps.googleusercontent.com",
          "client_type": 3
        }
      ],
      "api_key": [
        {
          "current_key": "AIzaSyCNBWv3wtN9PX1QrnM6mXoysxdq8jX-nWk"
        }
      ],
      "services": {
        "appinvite_service": {
          "other_platform_oauth_client": [
            {
              "client_id": "863668730181-aapjc1mhhsuos2hg41uu46dedhbqfjm0.apps.googleusercontent.com",
              "client_type": 3
            }
          ]
        }
      }
    }
  ],
  "configuration_version": "1"
}